{
  "uid" : "83edc06c07f9ae9e47eb6dd1b683e4e2",
  "name" : "packages",
  "children" : [ {
    "name" : "tests.test_vedio.test_videorelease",
    "children" : [ {
      "name" : "test_case1",
      "uid" : "b21acd4f81e0178b",
      "parentUid" : "0ed3e2a4367b18465150d16d910ddf06",
      "status" : "passed",
      "time" : {
        "start" : 1546843185735,
        "stop" : 1546843342535,
        "duration" : 156800
      },
      "flaky" : true,
      "parameters" : [ ]
    } ],
    "uid" : "tests.test_vedio.test_videorelease"
  } ]
}